"Band","coeff","lower95ci","upper95ci"
"delta",-0.00060635269152391,-0.000673591322172701,-0.000539540621186138
"theta",-7.94151722285093e-05,-0.000118778643875944,-4.04899993966767e-05
"alpha",0.000411413281460247,0.000376905553020718,0.000445524177877162
"beta",0.000287109290840056,0.000244147497998545,0.00033010676720699
"gamma",-1.8729342944661e-05,-7.17816091210602e-05,3.46930871362428e-05
