"Band","coeff","lower95ci","upper95ci"
"delta",-0.000657371105259268,-0.000727940176074714,-0.000587249520300815
"theta",-0.000150850329973666,-0.000191584576791671,-0.00011060236814373
"alpha",0.000406758975243759,0.000371311155560131,0.000441791500913524
"beta",0.000331778319359524,0.000286903112047245,0.000376475411075063
"gamma",6.194674446066e-05,6.01981335980323e-06,0.000118336700347196
